match_id,url
1955838,https://www.whoscored.com/matches/1955838/live/brazil-brasileir%C3%A3o-2026-gremio-sao-paulo
1955847,https://www.whoscored.com/matches/1955847/live/brazil-brasileir%C3%A3o-2026-remo-atletico-mg
1955841,https://www.whoscored.com/matches/1955841/live/brazil-brasileir%C3%A3o-2026-coritiba-chapecoense-af
1955822,https://www.whoscored.com/matches/1955822/live/brazil-brasileir%C3%A3o-2026-botafogo-rj-fluminense
1955834,https://www.whoscored.com/matches/1955834/live/brazil-brasileir%C3%A3o-2026-cruzeiro-mirassol
1955844,https://www.whoscored.com/matches/1955844/live/brazil-brasileir%C3%A3o-2026-bahia-vasco-da-gama
1955828,https://www.whoscored.com/matches/1955828/live/brazil-brasileir%C3%A3o-2026-palmeiras-internacional
1955831,https://www.whoscored.com/matches/1955831/live/brazil-brasileir%C3%A3o-2026-red-bull-bragantino-corinthians
1955825,https://www.whoscored.com/matches/1955825/live/brazil-brasileir%C3%A3o-2026-santos-fc-athletico-paranaense
1955819,https://www.whoscored.com/matches/1955819/live/brazil-brasileir%C3%A3o-2026-flamengo-vitoria
1955849,https://www.whoscored.com/matches/1955849/live/brazil-brasileir%C3%A3o-2026-fluminense-palmeiras
1955870,https://www.whoscored.com/matches/1955870/live/brazil-brasileir%C3%A3o-2026-athletico-paranaense-red-bull-bragantino
1955855,https://www.whoscored.com/matches/1955855/live/brazil-brasileir%C3%A3o-2026-sao-paulo-coritiba
1955876,https://www.whoscored.com/matches/1955876/live/brazil-brasileir%C3%A3o-2026-chapecoense-af-bahia
1955852,https://www.whoscored.com/matches/1955852/live/brazil-brasileir%C3%A3o-2026-vasco-da-gama-santos-fc
1955864,https://www.whoscored.com/matches/1955864/live/brazil-brasileir%C3%A3o-2026-atletico-mg-gremio
1955861,https://www.whoscored.com/matches/1955861/live/brazil-brasileir%C3%A3o-2026-mirassol-flamengo
1955873,https://www.whoscored.com/matches/1955873/live/brazil-brasileir%C3%A3o-2026-vitoria-botafogo-rj
1955858,https://www.whoscored.com/matches/1955858/live/brazil-brasileir%C3%A3o-2026-corinthians-cruzeiro
1955867,https://www.whoscored.com/matches/1955867/live/brazil-brasileir%C3%A3o-2026-internacional-remo
1955889,https://www.whoscored.com/matches/1955889/live/brazil-brasileir%C3%A3o-2026-cruzeiro-fluminense
1955901,https://www.whoscored.com/matches/1955901/live/brazil-brasileir%C3%A3o-2026-remo-sao-paulo
1955752,https://www.whoscored.com/matches/1955752/live/brazil-brasileir%C3%A3o-2026-botafogo-rj-remo
1955758,https://www.whoscored.com/matches/1955758/live/brazil-brasileir%C3%A3o-2026-palmeiras-santos-fc
1955773,https://www.whoscored.com/matches/1955773/live/brazil-brasileir%C3%A3o-2026-vitoria-coritiba
1955770,https://www.whoscored.com/matches/1955770/live/brazil-brasileir%C3%A3o-2026-athletico-paranaense-gremio
1955764,https://www.whoscored.com/matches/1955764/live/brazil-brasileir%C3%A3o-2026-cruzeiro-atletico-mg
1955755,https://www.whoscored.com/matches/1955755/live/brazil-brasileir%C3%A3o-2026-sao-paulo-bahia
1955911,https://www.whoscored.com/matches/1955911/live/brazil-brasileir%C3%A3o-2026-flamengo-vasco-da-gama
1955777,https://www.whoscored.com/matches/1955777/live/brazil-brasileir%C3%A3o-2026-chapecoense-af-red-bull-bragantino
1955767,https://www.whoscored.com/matches/1955767/live/brazil-brasileir%C3%A3o-2026-internacional-fluminense
1955761,https://www.whoscored.com/matches/1955761/live/brazil-brasileir%C3%A3o-2026-mirassol-corinthians
1955802,https://www.whoscored.com/matches/1955802/live/brazil-brasileir%C3%A3o-2026-coritiba-internacional
1955780,https://www.whoscored.com/matches/1955780/live/brazil-brasileir%C3%A3o-2026-fluminense-vitoria
1955807,https://www.whoscored.com/matches/1955807/live/brazil-brasileir%C3%A3o-2026-bahia-cruzeiro
1955795,https://www.whoscored.com/matches/1955795/live/brazil-brasileir%C3%A3o-2026-atletico-mg-botafogo-rj
1955810,https://www.whoscored.com/matches/1955810/live/brazil-brasileir%C3%A3o-2026-remo-palmeiras
1955786,https://www.whoscored.com/matches/1955786/live/brazil-brasileir%C3%A3o-2026-santos-fc-red-bull-bragantino
1955790,https://www.whoscored.com/matches/1955790/live/brazil-brasileir%C3%A3o-2026-corinthians-sao-paulo
1955792,https://www.whoscored.com/matches/1955792/live/brazil-brasileir%C3%A3o-2026-mirassol-chapecoense-af
1955798,https://www.whoscored.com/matches/1955798/live/brazil-brasileir%C3%A3o-2026-gremio-flamengo
1955783,https://www.whoscored.com/matches/1955783/live/brazil-brasileir%C3%A3o-2026-vasco-da-gama-athletico-paranaense
1955829,https://www.whoscored.com/matches/1955829/live/brazil-brasileir%C3%A3o-2026-atletico-mg-mirassol
1955832,https://www.whoscored.com/matches/1955832/live/brazil-brasileir%C3%A3o-2026-internacional-vasco-da-gama
1955813,https://www.whoscored.com/matches/1955813/live/brazil-brasileir%C3%A3o-2026-fluminense-sao-paulo
1955823,https://www.whoscored.com/matches/1955823/live/brazil-brasileir%C3%A3o-2026-palmeiras-cruzeiro
1955820,https://www.whoscored.com/matches/1955820/live/brazil-brasileir%C3%A3o-2026-santos-fc-coritiba
1955837,https://www.whoscored.com/matches/1955837/live/brazil-brasileir%C3%A3o-2026-bahia-gremio
1955816,https://www.whoscored.com/matches/1955816/live/brazil-brasileir%C3%A3o-2026-botafogo-rj-corinthians
1955840,https://www.whoscored.com/matches/1955840/live/brazil-brasileir%C3%A3o-2026-chapecoense-af-remo
1955826,https://www.whoscored.com/matches/1955826/live/brazil-brasileir%C3%A3o-2026-red-bull-bragantino-vitoria
1955835,https://www.whoscored.com/matches/1955835/live/brazil-brasileir%C3%A3o-2026-athletico-paranaense-flamengo
1955850,https://www.whoscored.com/matches/1955850/live/brazil-brasileir%C3%A3o-2026-sao-paulo-botafogo-rj
1955869,https://www.whoscored.com/matches/1955869/live/brazil-brasileir%C3%A3o-2026-vitoria-internacional
1955863,https://www.whoscored.com/matches/1955863/live/brazil-brasileir%C3%A3o-2026-gremio-santos-fc
1955856,https://www.whoscored.com/matches/1955856/live/brazil-brasileir%C3%A3o-2026-mirassol-fluminense
1955843,https://www.whoscored.com/matches/1955843/live/brazil-brasileir%C3%A3o-2026-flamengo-palmeiras
1955859,https://www.whoscored.com/matches/1955859/live/brazil-brasileir%C3%A3o-2026-cruzeiro-chapecoense-af
1955871,https://www.whoscored.com/matches/1955871/live/brazil-brasileir%C3%A3o-2026-remo-athletico-paranaense
1955853,https://www.whoscored.com/matches/1955853/live/brazil-brasileir%C3%A3o-2026-corinthians-atletico-mg
1955846,https://www.whoscored.com/matches/1955846/live/brazil-brasileir%C3%A3o-2026-vasco-da-gama-red-bull-bragantino
1955866,https://www.whoscored.com/matches/1955866/live/brazil-brasileir%C3%A3o-2026-coritiba-bahia
1955874,https://www.whoscored.com/matches/1955874/live/brazil-brasileir%C3%A3o-2026-flamengo-coritiba
1955895,https://www.whoscored.com/matches/1955895/live/brazil-brasileir%C3%A3o-2026-athletico-paranaense-mirassol
1955898,https://www.whoscored.com/matches/1955898/live/brazil-brasileir%C3%A3o-2026-bahia-botafogo-rj
1955892,https://www.whoscored.com/matches/1955892/live/brazil-brasileir%C3%A3o-2026-gremio-corinthians
1955880,https://www.whoscored.com/matches/1955880/live/brazil-brasileir%C3%A3o-2026-santos-fc-vitoria
1955886,https://www.whoscored.com/matches/1955886/live/brazil-brasileir%C3%A3o-2026-red-bull-bragantino-internacional
1955883,https://www.whoscored.com/matches/1955883/live/brazil-brasileir%C3%A3o-2026-palmeiras-chapecoense-af
1955877,https://www.whoscored.com/matches/1955877/live/brazil-brasileir%C3%A3o-2026-vasco-da-gama-atletico-mg
1955765,https://www.whoscored.com/matches/1955765/live/brazil-brasileir%C3%A3o-2026-botafogo-rj-mirassol
1955779,https://www.whoscored.com/matches/1955779/live/brazil-brasileir%C3%A3o-2026-internacional-sao-paulo
1955776,https://www.whoscored.com/matches/1955776/live/brazil-brasileir%C3%A3o-2026-cruzeiro-vitoria
1955785,https://www.whoscored.com/matches/1955785/live/brazil-brasileir%C3%A3o-2026-bahia-athletico-paranaense
1955782,https://www.whoscored.com/matches/1955782/live/brazil-brasileir%C3%A3o-2026-coritiba-vasco-da-gama
1955762,https://www.whoscored.com/matches/1955762/live/brazil-brasileir%C3%A3o-2026-fluminense-corinthians
1955768,https://www.whoscored.com/matches/1955768/live/brazil-brasileir%C3%A3o-2026-santos-fc-remo
1955788,https://www.whoscored.com/matches/1955788/live/brazil-brasileir%C3%A3o-2026-chapecoense-af-atletico-mg
1955771,https://www.whoscored.com/matches/1955771/live/brazil-brasileir%C3%A3o-2026-palmeiras-gremio
1955774,https://www.whoscored.com/matches/1955774/live/brazil-brasileir%C3%A3o-2026-red-bull-bragantino-flamengo
1955797,https://www.whoscored.com/matches/1955797/live/brazil-brasileir%C3%A3o-2026-sao-paulo-cruzeiro
1955812,https://www.whoscored.com/matches/1955812/live/brazil-brasileir%C3%A3o-2026-coritiba-fluminense
1955794,https://www.whoscored.com/matches/1955794/live/brazil-brasileir%C3%A3o-2026-vasco-da-gama-botafogo-rj
1955818,https://www.whoscored.com/matches/1955818/live/brazil-brasileir%C3%A3o-2026-chapecoense-af-vitoria
1955806,https://www.whoscored.com/matches/1955806/live/brazil-brasileir%C3%A3o-2026-atletico-mg-athletico-paranaense
1955791,https://www.whoscored.com/matches/1955791/live/brazil-brasileir%C3%A3o-2026-flamengo-santos-fc
1955800,https://www.whoscored.com/matches/1955800/live/brazil-brasileir%C3%A3o-2026-corinthians-internacional
1955815,https://www.whoscored.com/matches/1955815/live/brazil-brasileir%C3%A3o-2026-bahia-palmeiras
1955804,https://www.whoscored.com/matches/1955804/live/brazil-brasileir%C3%A3o-2026-mirassol-red-bull-bragantino
1955809,https://www.whoscored.com/matches/1955809/live/brazil-brasileir%C3%A3o-2026-gremio-remo
1955845,https://www.whoscored.com/matches/1955845/live/brazil-brasileir%C3%A3o-2026-vitoria-sao-paulo
1955848,https://www.whoscored.com/matches/1955848/live/brazil-brasileir%C3%A3o-2026-remo-vasco-da-gama
1955833,https://www.whoscored.com/matches/1955833/live/brazil-brasileir%C3%A3o-2026-mirassol-bahia
1955827,https://www.whoscored.com/matches/1955827/live/brazil-brasileir%C3%A3o-2026-santos-fc-atletico-mg
1955839,https://www.whoscored.com/matches/1955839/live/brazil-brasileir%C3%A3o-2026-internacional-gremio
1955842,https://www.whoscored.com/matches/1955842/live/brazil-brasileir%C3%A3o-2026-athletico-paranaense-chapecoense-af
1955824,https://www.whoscored.com/matches/1955824/live/brazil-brasileir%C3%A3o-2026-botafogo-rj-coritiba
1955821,https://www.whoscored.com/matches/1955821/live/brazil-brasileir%C3%A3o-2026-fluminense-flamengo
1955830,https://www.whoscored.com/matches/1955830/live/brazil-brasileir%C3%A3o-2026-corinthians-palmeiras
1955836,https://www.whoscored.com/matches/1955836/live/brazil-brasileir%C3%A3o-2026-cruzeiro-red-bull-bragantino
1955854,https://www.whoscored.com/matches/1955854/live/brazil-brasileir%C3%A3o-2026-vasco-da-gama-sao-paulo
1955878,https://www.whoscored.com/matches/1955878/live/brazil-brasileir%C3%A3o-2026-chapecoense-af-botafogo-rj
1955875,https://www.whoscored.com/matches/1955875/live/brazil-brasileir%C3%A3o-2026-vitoria-corinthians
1955865,https://www.whoscored.com/matches/1955865/live/brazil-brasileir%C3%A3o-2026-cruzeiro-gremio
1955868,https://www.whoscored.com/matches/1955868/live/brazil-brasileir%C3%A3o-2026-internacional-mirassol
1955872,https://www.whoscored.com/matches/1955872/live/brazil-brasileir%C3%A3o-2026-coritiba-atletico-mg
1955857,https://www.whoscored.com/matches/1955857/live/brazil-brasileir%C3%A3o-2026-santos-fc-fluminense
1955860,https://www.whoscored.com/matches/1955860/live/brazil-brasileir%C3%A3o-2026-palmeiras-athletico-paranaense
1955862,https://www.whoscored.com/matches/1955862/live/brazil-brasileir%C3%A3o-2026-red-bull-bragantino-remo
1955851,https://www.whoscored.com/matches/1955851/live/brazil-brasileir%C3%A3o-2026-flamengo-bahia
1955884,https://www.whoscored.com/matches/1955884/live/brazil-brasileir%C3%A3o-2026-botafogo-rj-internacional
1955905,https://www.whoscored.com/matches/1955905/live/brazil-brasileir%C3%A3o-2026-bahia-santos-fc
1955908,https://www.whoscored.com/matches/1955908/live/brazil-brasileir%C3%A3o-2026-remo-cruzeiro
1955887,https://www.whoscored.com/matches/1955887/live/brazil-brasileir%C3%A3o-2026-sao-paulo-mirassol
1955890,https://www.whoscored.com/matches/1955890/live/brazil-brasileir%C3%A3o-2026-corinthians-vasco-da-gama
1955899,https://www.whoscored.com/matches/1955899/live/brazil-brasileir%C3%A3o-2026-gremio-coritiba
1955902,https://www.whoscored.com/matches/1955902/live/brazil-brasileir%C3%A3o-2026-athletico-paranaense-vitoria
1955893,https://www.whoscored.com/matches/1955893/live/brazil-brasileir%C3%A3o-2026-red-bull-bragantino-palmeiras
1955896,https://www.whoscored.com/matches/1955896/live/brazil-brasileir%C3%A3o-2026-atletico-mg-flamengo
1955881,https://www.whoscored.com/matches/1955881/live/brazil-brasileir%C3%A3o-2026-fluminense-chapecoense-af
1955991,https://www.whoscored.com/matches/1955991/live/brazil-brasileir%C3%A3o-2026-mirassol-santos-fc
1955993,https://www.whoscored.com/matches/1955993/live/brazil-brasileir%C3%A3o-2026-atletico-mg-internacional
1955998,https://www.whoscored.com/matches/1955998/live/brazil-brasileir%C3%A3o-2026-bahia-vitoria
1955983,https://www.whoscored.com/matches/1955983/live/brazil-brasileir%C3%A3o-2026-flamengo-cruzeiro
1955989,https://www.whoscored.com/matches/1955989/live/brazil-brasileir%C3%A3o-2026-corinthians-coritiba
1956000,https://www.whoscored.com/matches/1956000/live/brazil-brasileir%C3%A3o-2026-remo-fluminense
1955985,https://www.whoscored.com/matches/1955985/live/brazil-brasileir%C3%A3o-2026-vasco-da-gama-palmeiras
1955987,https://www.whoscored.com/matches/1955987/live/brazil-brasileir%C3%A3o-2026-sao-paulo-chapecoense-af
1955995,https://www.whoscored.com/matches/1955995/live/brazil-brasileir%C3%A3o-2026-gremio-red-bull-bragantino
1956018,https://www.whoscored.com/matches/1956018/live/brazil-brasileir%C3%A3o-2026-vitoria-atletico-mg
1956004,https://www.whoscored.com/matches/1956004/live/brazil-brasileir%C3%A3o-2026-botafogo-rj-flamengo
1956006,https://www.whoscored.com/matches/1956006/live/brazil-brasileir%C3%A3o-2026-santos-fc-corinthians
1956002,https://www.whoscored.com/matches/1956002/live/brazil-brasileir%C3%A3o-2026-fluminense-athletico-paranaense
1956014,https://www.whoscored.com/matches/1956014/live/brazil-brasileir%C3%A3o-2026-internacional-bahia
1956016,https://www.whoscored.com/matches/1956016/live/brazil-brasileir%C3%A3o-2026-coritiba-remo
1956008,https://www.whoscored.com/matches/1956008/live/brazil-brasileir%C3%A3o-2026-palmeiras-mirassol
1956010,https://www.whoscored.com/matches/1956010/live/brazil-brasileir%C3%A3o-2026-red-bull-bragantino-sao-paulo
1956012,https://www.whoscored.com/matches/1956012/live/brazil-brasileir%C3%A3o-2026-cruzeiro-vasco-da-gama
1956020,https://www.whoscored.com/matches/1956020/live/brazil-brasileir%C3%A3o-2026-chapecoense-af-gremio
1956028,https://www.whoscored.com/matches/1956028/live/brazil-brasileir%C3%A3o-2026-palmeiras-botafogo-rj
1956037,https://www.whoscored.com/matches/1956037/live/brazil-brasileir%C3%A3o-2026-bahia-red-bull-bragantino
1956036,https://www.whoscored.com/matches/1956036/live/brazil-brasileir%C3%A3o-2026-athletico-paranaense-cruzeiro
1956030,https://www.whoscored.com/matches/1956030/live/brazil-brasileir%C3%A3o-2026-mirassol-coritiba
1956032,https://www.whoscored.com/matches/1956032/live/brazil-brasileir%C3%A3o-2026-atletico-mg-sao-paulo
1956024,https://www.whoscored.com/matches/1956024/live/brazil-brasileir%C3%A3o-2026-vasco-da-gama-fluminense
1956026,https://www.whoscored.com/matches/1956026/live/brazil-brasileir%C3%A3o-2026-santos-fc-internacional
1956034,https://www.whoscored.com/matches/1956034/live/brazil-brasileir%C3%A3o-2026-gremio-vitoria
1956022,https://www.whoscored.com/matches/1956022/live/brazil-brasileir%C3%A3o-2026-flamengo-remo
1956039,https://www.whoscored.com/matches/1956039/live/brazil-brasileir%C3%A3o-2026-chapecoense-af-corinthians
1956049,https://www.whoscored.com/matches/1956049/live/brazil-brasileir%C3%A3o-2026-red-bull-bragantino-botafogo-rj
1956041,https://www.whoscored.com/matches/1956041/live/brazil-brasileir%C3%A3o-2026-fluminense-atletico-mg
1956046,https://www.whoscored.com/matches/1956046/live/brazil-brasileir%C3%A3o-2026-sao-paulo-palmeiras
1956043,https://www.whoscored.com/matches/1956043/live/brazil-brasileir%C3%A3o-2026-vasco-da-gama-gremio
1955759,https://www.whoscored.com/matches/1955759/live/brazil-brasileir%C3%A3o-2026-remo-bahia
1955748,https://www.whoscored.com/matches/1955748/live/brazil-brasileir%C3%A3o-2026-cruzeiro-santos-fc
1955753,https://www.whoscored.com/matches/1955753/live/brazil-brasileir%C3%A3o-2026-athletico-paranaense-coritiba
1955756,https://www.whoscored.com/matches/1955756/live/brazil-brasileir%C3%A3o-2026-vitoria-mirassol
1955750,https://www.whoscored.com/matches/1955750/live/brazil-brasileir%C3%A3o-2026-internacional-chapecoense-af
1956048,https://www.whoscored.com/matches/1956048/live/brazil-brasileir%C3%A3o-2026-corinthians-flamengo
1955996,https://www.whoscored.com/matches/1955996/live/brazil-brasileir%C3%A3o-2026-athletico-paranaense-botafogo-rj
1955951,https://www.whoscored.com/matches/1955951/live/brazil-brasileir%C3%A3o-2026-flamengo-internacional
1955962,https://www.whoscored.com/matches/1955962/live/brazil-brasileir%C3%A3o-2026-red-bull-bragantino-atletico-mg
1955956,https://www.whoscored.com/matches/1955956/live/brazil-brasileir%C3%A3o-2026-santos-fc-sao-paulo
1955928,https://www.whoscored.com/matches/1955928/live/brazil-brasileir%C3%A3o-2026-remo-mirassol
1955959,https://www.whoscored.com/matches/1955959/live/brazil-brasileir%C3%A3o-2026-palmeiras-vitoria
1955968,https://www.whoscored.com/matches/1955968/live/brazil-brasileir%C3%A3o-2026-gremio-botafogo-rj
1955926,https://www.whoscored.com/matches/1955926/live/brazil-brasileir%C3%A3o-2026-bahia-fluminense
1955953,https://www.whoscored.com/matches/1955953/live/brazil-brasileir%C3%A3o-2026-vasco-da-gama-chapecoense-af
1955965,https://www.whoscored.com/matches/1955965/live/brazil-brasileir%C3%A3o-2026-cruzeiro-coritiba
1955952,https://www.whoscored.com/matches/1955952/live/brazil-brasileir%C3%A3o-2026-vitoria-flamengo
1955955,https://www.whoscored.com/matches/1955955/live/brazil-brasileir%C3%A3o-2026-chapecoense-af-coritiba
1955941,https://www.whoscored.com/matches/1955941/live/brazil-brasileir%C3%A3o-2026-mirassol-cruzeiro
1955944,https://www.whoscored.com/matches/1955944/live/brazil-brasileir%C3%A3o-2026-atletico-mg-remo
1955933,https://www.whoscored.com/matches/1955933/live/brazil-brasileir%C3%A3o-2026-vasco-da-gama-bahia
1955936,https://www.whoscored.com/matches/1955936/live/brazil-brasileir%C3%A3o-2026-sao-paulo-gremio
1955950,https://www.whoscored.com/matches/1955950/live/brazil-brasileir%C3%A3o-2026-athletico-paranaense-santos-fc
1955930,https://www.whoscored.com/matches/1955930/live/brazil-brasileir%C3%A3o-2026-fluminense-botafogo-rj
1955938,https://www.whoscored.com/matches/1955938/live/brazil-brasileir%C3%A3o-2026-corinthians-red-bull-bragantino
1955947,https://www.whoscored.com/matches/1955947/live/brazil-brasileir%C3%A3o-2026-internacional-palmeiras
1955971,https://www.whoscored.com/matches/1955971/live/brazil-brasileir%C3%A3o-2026-athletico-paranaense-corinthians
1955957,https://www.whoscored.com/matches/1955957/live/brazil-brasileir%C3%A3o-2026-flamengo-mirassol
1955969,https://www.whoscored.com/matches/1955969/live/brazil-brasileir%C3%A3o-2026-red-bull-bragantino-athletico-paranaense
1955981,https://www.whoscored.com/matches/1955981/live/brazil-brasileir%C3%A3o-2026-remo-internacional
1955977,https://www.whoscored.com/matches/1955977/live/brazil-brasileir%C3%A3o-2026-coritiba-sao-paulo
1955972,https://www.whoscored.com/matches/1955972/live/brazil-brasileir%C3%A3o-2026-cruzeiro-corinthians
1955975,https://www.whoscored.com/matches/1955975/live/brazil-brasileir%C3%A3o-2026-gremio-atletico-mg
1955966,https://www.whoscored.com/matches/1955966/live/brazil-brasileir%C3%A3o-2026-palmeiras-fluminense
1955963,https://www.whoscored.com/matches/1955963/live/brazil-brasileir%C3%A3o-2026-santos-fc-vasco-da-gama
1955937,https://www.whoscored.com/matches/1955937/live/brazil-brasileir%C3%A3o-2026-atletico-mg-palmeiras
1955940,https://www.whoscored.com/matches/1955940/live/brazil-brasileir%C3%A3o-2026-internacional-athletico-paranaense
1955943,https://www.whoscored.com/matches/1955943/live/brazil-brasileir%C3%A3o-2026-coritiba-red-bull-bragantino
1955945,https://www.whoscored.com/matches/1955945/live/brazil-brasileir%C3%A3o-2026-vitoria-remo
1955925,https://www.whoscored.com/matches/1955925/live/brazil-brasileir%C3%A3o-2026-fluminense-gremio
1955931,https://www.whoscored.com/matches/1955931/live/brazil-brasileir%C3%A3o-2026-corinthians-bahia
1955948,https://www.whoscored.com/matches/1955948/live/brazil-brasileir%C3%A3o-2026-chapecoense-af-santos-fc
1955929,https://www.whoscored.com/matches/1955929/live/brazil-brasileir%C3%A3o-2026-sao-paulo-flamengo
1955934,https://www.whoscored.com/matches/1955934/live/brazil-brasileir%C3%A3o-2026-mirassol-vasco-da-gama
1955927,https://www.whoscored.com/matches/1955927/live/brazil-brasileir%C3%A3o-2026-botafogo-rj-cruzeiro
